{
  "name": "Snapdragon888/888+",
  "author": "Suni",
  "configVersion": 9,
  "CpuGovernor": {
    "enable": true,
    "params": {
      "activeRateHz": 60,
      "idleRateHz": 30,
      "minFreqStep": 200
    },
    "policies": [
      {
        "coreNum": 4,
        "perfScale": 100,
        "lowPowerFreq": 600,
        "optimalFreq": 1400,
        "modelFreq": 1800,
        "modelPower": 320
      },
      {
        "coreNum": 3,
        "perfScale": 260,
        "lowPowerFreq": 700,
        "optimalFreq": 2200,
        "modelFreq": 2420,
        "modelPower": 1740
      },
      {
        "coreNum": 1,
        "perfScale": 320,
        "lowPowerFreq": 800,
        "optimalFreq": 800,
        "modelFreq": 2840,
        "modelPower": 3120
      }
    ],
    "modes": {
      "powersave": {
        "powerLimit": 1900,
        "perfMargin": [
          10,
          10,
          10
        ],
        "upRateLatency": 1000,
        "overHeatTemp": 80,
        "burstCapacity": 8000,
        "recoverTime": 2000,
        "freqBurst": {
          "none": {
            "durationTime": 0,
            "lowLatency": false,
            "extraMargin": 0,
            "boost": 0
          },
          "tap": {
            "durationTime": 1000,
            "lowLatency": false,
            "extraMargin": 5,
            "boost": 0
          },
          "swipe": {
            "durationTime": 500,
            "lowLatency": false,
            "extraMargin": 5,
            "boost": 0
          },
          "gesture": {
            "durationTime": 1000,
            "lowLatency": false,
            "extraMargin": 15,
            "boost": 10
          },
          "heavyload": {
            "durationTime": 2000,
            "lowLatency": false,
            "extraMargin": 10,
            "boost": 0
          },
          "jank": {
            "durationTime": 100,
            "lowLatency": false,
            "extraMargin": 0,
            "boost": 10
          },
          "bigJank": {
            "durationTime": 100,
            "lowLatency": false,
            "extraMargin": 0,
            "boost": 20
          }
        }
      },
      "balance": {
        "powerLimit": 3000,
        "perfMargin": [
          10,
          15,
          15
        ],
        "upRateLatency": 660,
        "overHeatTemp": 70,
        "burstCapacity": 4200,
        "recoverTime": 2700,
        "freqBurst": {
          "none": {
            "durationTime": 0,
            "lowLatency": false,
            "extraMargin": 0,
            "boost": 0
          },
          "tap": {
            "durationTime": 200,
            "lowLatency": false,
            "extraMargin": 0,
            "boost": 5
          },
          "swipe": {
            "durationTime": 300,
            "lowLatency": false,
            "extraMargin": 0,
            "boost": 10
          },
          "gesture": {
            "durationTime": 300,
            "lowLatency": false,
            "extraMargin": 0,
            "boost": 15
          },
          "heavyload": {
            "durationTime": 1300,
            "lowLatency": false,
            "extraMargin": 0,
            "boost": 20
          },
          "jank": {
            "durationTime": 100,
            "lowLatency": true,
            "extraMargin": 0,
            "boost": 10
          },
          "bigJank": {
            "durationTime": 200,
            "lowLatency": true,
            "extraMargin": 0,
            "boost": 20
          }
        }
      },
      "performance": {
        "powerLimit": 4500,
        "perfMargin": [
          10,
          18,
          13
        ],
        "upRateLatency": 500,
        "overHeatTemp": 80,
        "burstCapacity": 13000,
        "recoverTime": 4000,
        "freqBurst": {
          "none": {
            "durationTime": 0,
            "lowLatency": false,
            "extraMargin": 0,
            "boost": 0
          },
          "tap": {
            "durationTime": 1000,
            "lowLatency": false,
            "extraMargin": 0,
            "boost": 20
          },
          "swipe": {
            "durationTime": 500,
            "lowLatency": false,
            "extraMargin": 5,
            "boost": 0
          },
          "gesture": {
            "durationTime": 1000,
            "lowLatency": false,
            "extraMargin": 5,
            "boost": 5
          },
          "heavyload": {
            "durationTime": 1500,
            "lowLatency": false,
            "extraMargin": 0,
            "boost": 10
          },
          "jank": {
            "durationTime": 900,
            "lowLatency": true,
            "extraMargin": 0,
            "boost": 40
          },
          "bigJank": {
            "durationTime": 1500,
            "lowLatency": true,
            "extraMargin": 0,
            "boost": 45
          }
        }
      },
      "fast": {
        "powerLimit": 10000,
        "perfMargin": [
          30,
          30,
          30
        ],
        "upRateLatency": 400,
        "overHeatTemp": 95,
        "burstCapacity": 0,
        "recoverTime": 0,
        "freqBurst": {
          "none": {
            "durationTime": 0,
            "lowLatency": false,
            "extraMargin": 0,
            "boost": 0
          },
          "tap": {
            "durationTime": 1000,
            "lowLatency": false,
            "extraMargin": 0,
            "boost": 20
          },
          "swipe": {
            "durationTime": 500,
            "lowLatency": false,
            "extraMargin": 10,
            "boost": 0
          },
          "gesture": {
            "durationTime": 1000,
            "lowLatency": false,
            "extraMargin": 20,
            "boost": 20
          },
          "heavyload": {
            "durationTime": 2000,
            "lowLatency": false,
            "extraMargin": 20,
            "boost": 0
          },
          "jank": {
            "durationTime": 100,
            "lowLatency": true,
            "extraMargin": 0,
            "boost": 40
          },
          "bigJank": {
            "durationTime": 500,
            "lowLatency": true,
            "extraMargin": 20,
            "boost": 40
          }
        }
      }
    }
  },
  "ThreadSchedOpt": {
    "enable": true,
    "GameRenderThread": {
      "cpus": [
        7
      ],
      "nice": -20
    },
    "GameMainThread": {
      "cpus": [
        4,
        5,
        6
      ],
      "nice": -20
    },
    "GameProcessThread": {
      "cpus": [
        4,
        5,
        6
      ],
      "nice": -16
    },
    "UIThread": {
      "cpus": [
        4,
        5,
        6
      ],
      "nice": -16
    },
    "MediaThread": {
      "cpus": [
        0,
        1,
        2,
        3,
        4,
        5,
        6
      ],
      "nice": -20
    },
    "WebViewThread": {
      "cpus": [
        4,
        5,
        6,
        7
      ],
      "nice": -16
    },
    "ProcessThread": {
      "cpus": [
        4,
        5,
        6
      ],
      "nice": -12
    },
    "CoProcessThread": {
      "cpus": [
        0,
        1,
        2,
        3
      ],
      "nice": -12
    },
    "JunkThread": {
      "cpus": [
        0,
        1,
        2,
        3
      ],
      "nice": 0
    },
    "Initial": {
      "cpus": [
        0,
        1,
        2,
        3,
        4,
        5,
        6,
        7
      ],
      "nice": 0
    }
  },
  "MtkGpuGovernor": {
    "enable": false
  },
  "FileWriter": {
    "enable": true,
    "scenes": {
      "init": [
        {
          "path": "/dev/cpuset/restricted/cpus",
          "text": "0-3"
        },
        {
          "path": "/dev/cpuset/system-background/cpus",
          "text": "0-3"
        },
        {
          "path": "/dev/cpuset/background/cpus",
          "text": "0-3"
        },
        {
          "path": "/dev/cpuset/foreground/cpus",
          "text": "0-7"
        },
        {
          "path": "/dev/cpuset/top-app/cpus",
          "text": "0-7"
        }
      ],
      "screenOn": [],
      "screenOff": [],
      "powersaveMode": [],
      "balanceMode": [],
      "performanceMode": [],
      "fastMode": []
    }
  }
}